<?xml version="1.0" encoding="UTF-8"?>


<flow xmlns="http://www.springframework.org/schema/webflow"
      xmlns:xsi="http://www.w3.org/2001/XMLSchema-instance"
      xsi:schemaLocation="http://www.springframework.org/schema/webflow
                          http://www.springframework.org/schema/webflow/spring-webflow-2.0.xsd">
                          
<var name="addressDetails" class="com.niit.efashion.model.AddressDetails" />
 
<view-state id="start" view="address.jsp" model="addressDetails">
   <transition on="submit" to="confirmDetails"/>
</view-state>
 
<view-state id="confirmDetails" view="confirmaddress.jsp" model="addressDetails">
<transition on="edit" to="start" />
<transition on="submit" to="welcome" />
</view-state>

<action-state id="welcome">
<evaluate expression="addressHandler.saveAddress(addressDetails)"/>
<transition to="details" on="success"/>
<transition to="start" on="failure"/>
</action-state>
 
<end-state id="details" view="welcome.jsp"/>
<end-state id="toHome" view="externalRedirect:contextRelative:index.jsp" />
<end-state id="toException" view="externalRedirect:contextRelative:exception.jsp" />
 
<!-- these events are available in every state-->
<global-transitions>
<transition on="home" to="toHome" />
<transition on="error" to="toException" />
</global-transitions>
</flow>