<?xml version="1.0" encoding="UTF-8"?>

<beans xmlns="http://www.springframework.org/schema/beans"
    xmlns:mvc="http://www.springframework.org/schema/mvc"
    xmlns:webflow-config="http://www.springframework.org/schema/webflow-config"
	xmlns:context="http://www.springframework.org/schema/context"
	xmlns:xsi="http://www.w3.org/2001/XMLSchema-instance"
	xsi:schemaLocation="
http://www.springframework.org/schema/beans
http://www.springframework.org/schema/beans/spring-beans-3.0.xsd
http://www.springframework.org/schema/mvc 
http://www.springframework.org/schema/mvc/spring-mvc.xsd
http://www.springframework.org/schema/webflow-config 
http://www.springframework.org/schema/webflow-config/spring-webflow-config.xsd
http://www.springframework.org/schema/context
http://www.springframework.org/schema/context/spring-context-3.0.xsd">
 
	<context:component-scan base-package="com.niit.*" />
	
	<mvc:annotation-driven>
        <mvc:argument-resolvers>
            <bean class="org.springframework.security.web.bind.support.AuthenticationPrincipalArgumentResolver" />
        </mvc:argument-resolvers>
    </mvc:annotation-driven>
	
	<webflow-config:flow-executor id="flowExecutor"
		flow-registry="flowRegistry"/>

	<webflow-config:flow-registry id="flowRegistry"
		base-path="/WEB-INF/flows">
		<webflow-config:flow-location path="/checkout-flow.xml"
			id="checkout"/>
	</webflow-config:flow-registry>

	<bean id="flowHandlerMapping"
		class="org.springframework.webflow.mvc.servlet.FlowHandlerMapping">
		<property name="flowRegistry" ref="flowRegistry"/>
		<property name="order" value="-1"/>
	</bean>

	<bean id="flowHandlerAdapter"
		class="org.springframework.webflow.mvc.servlet.FlowHandlerAdapter">
		<property name="flowExecutor" ref="flowExecutor"/>
	</bean>	
	
	<bean
		class="org.springframework.web.servlet.view.InternalResourceViewResolver">
		<property name="prefix">
			<value>/WEB-INF/views/</value>
		</property>
		<property name="suffix">
			<value>.jsp</value>
		</property>
	</bean>
	
	<bean id="multipartResolver" class="org.springframework.web.multipart.commons.CommonsMultipartResolver" />
	
	<mvc:resources mapping="/resources/**" location="/resources/"  
	cache-period="31556926"/>

    <mvc:annotation-driven />
</beans>