<?xml version="1.0" encoding="UTF-8"?>

<beans:beans xmlns="http://www.springframework.org/schema/mvc"
	xmlns:xsi="http://www.w3.org/2001/XMLSchema-instance" xmlns:beans="http://www.springframework.org/schema/beans"
	xmlns:context="http://www.springframework.org/schema/context" xmlns:tx="http://www.springframework.org/schema/tx"
	xmlns:security="http://www.springframework.org/schema/security"
	xmlns:webflow-config="http://www.springframework.org/schema/webflow-config"
	xsi:schemaLocation="http://www.springframework.org/schema/mvc
http://www.springframework.org/schema/mvc/spring-mvc.xsd
http://www.springframework.org/schema/beans
http://www.springframework.org/schema/beans/spring-beans.xsd
http://www.springframework.org/schema/context
http://www.springframework.org/schema/context/spring-context.xsd
http://www.springframework.org/schema/tx
http://www.springframework.org/schema/tx/spring-tx-4.1.xsd
http://www.springframework.org/schema/webflow-config
http://www.springframework.org/schema/webflow-config/spring-webflow-config.xsd
http://www.springframework.org/schema/security
http://www.springframework.org/schema/security/spring-security-4.1.xsd">

	<security:http auto-config="true">
		<security:intercept-url pattern="/welcomeadmin/**"
			access="ROLE_ADMIN" />
		<security:intercept-url pattern="/welcomeuser/**"
			access="ROLE_USER" />
		<security:form-login login-page="/gotologin"
			login-processing-url="/perform_login" default-target-url="/Home"
			authentication-failure-url="/error" username-parameter="username"
			password-parameter="password" />
		<security:logout invalidate-session="true" logout-success-url="/gotologin" logout-url="/logout" />
		<security:csrf disabled="true"/>
	</security:http>

	<security:authentication-manager>
		<security:authentication-provider>
			<security:jdbc-user-service
				data-source-ref="dataSource"
				users-by-username-query="SELECT
user_name,password,enabled from user where user_name=?"
				authorities-by-username-query="
select user_name, role from user where user_name =?" />
		</security:authentication-provider>
	</security:authentication-manager>

</beans:beans>